Designator,Mid X,Mid Y,Layer,Rotation
C1,14.732106,7.107107,top,180
C2,14.827106,3.957107,top,180
D1,17.857106,13.857107,top,180
F2,12.207106,11.607107,top,0
FID1,2.007106,14.207107,top,0
FID2,24.107106,12.807107,top,0
FID3,24.607106,1.707107,top,0
J2,4.047106,7.407107,top,-90
R1,18.117106,12.307107,top,180
R4,11.132106,5.657107,top,0
R5,11.082106,8.657107,top,0
U1,20.957106,7.157107,top,0
